id,generated
0000aaaa,0.010517903621782699
1111bbbb,0.010517903621782699
2222cccc,0.010517903621782699
